country,year,total_cases,total_deaths
Afghanistan,2020,8284992,287304
Afghanistan,2021,39177420,1762889
Afghanistan,2022,67576323,2808171
Afghanistan,2023,80261137,2890083
Afghanistan,2024,50689109,1734100
Africa,2020,285057531,7179617
Africa,2021,2222352066,56635089
Africa,2022,4480156023,92413289
Africa,2023,4777567827,94503769
Africa,2024,2851752651,56224051
Albania,2020,3444855,82502
Albania,2021,50363543,861222
Albania,2022,107246167,1279329
Albania,2023,121890513,1314865
Albania,2024,72689984,782265
Algeria,2020,10188569,365661
Algeria,2021,56701717,1549673
Algeria,2022,96321805,2489192
Algeria,2023,99188086,2511565
Algeria,2024,59030541,1493177
American Samoa,2020,0,0
American Samoa,2021,542,0
American Samoa,2022,2036654,8421
American Samoa,2023,3042978,12410
American Samoa,2024,1813903,7378
Andorra,2020,650844,15185
Andorra,2021,5023319,44435
Andorra,2022,15435555,55677
Andorra,2023,17507968,58028
Andorra,2024,10419255,34503
Angola,2020,1275899,35215
Angola,2021,14570875,363145
Angola,2022,36704361,694578
Angola,2023,38591122,706221
Angola,2024,23299220,420329
Anguilla,2020,1005,0
Anguilla,2021,124455,219
Anguilla,2022,1174552,3568
Anguilla,2023,1424960,4380
Anguilla,2024,847168,2604
Antigua and Barbuda,2020,22209,837
Antigua and Barbuda,2021,674164,18267
Antigua and Barbuda,2022,2961575,50756
Antigua and Barbuda,2023,3323690,53290
Antigua and Barbuda,2024,1976002,31682
Argentina,2020,150996020,5007650
Argentina,2021,1457678938,33519693
Argentina,2022,3348631550,46863263
Argentina,2023,3665202505,47616197
Argentina,2024,2189570679,28343695
Armenia,2020,14136861,240122
Armenia,2021,85728614,1722288
Armenia,2022,153950248,3122635
Armenia,2023,163857648,3192361
Armenia,2024,98075866,1904471
Aruba,2020,540955,4547
Aruba,2021,4282163,42200
Aruba,2022,13956839,80359
Aruba,2023,16115909,105397
Aruba,2024,9596608,63364
Asia,2020,2032098252,36990654
Asia,2021,19451360426,285284188
Asia,2022,56789683955,520667902
Asia,2023,1.08492E+11,592271844
Asia,2024,65401922649,355190292
Australia,2020,4960098,134877
Australia,2021,28228656,441513
Australia,2022,2568627127,3984691
Australia,2023,4157258707,8046561
Australia,2024,2565031452,5427117
Austria,2020,19892748,392511
Austria,2021,244380886,4535793
Austria,2022,1527358495,7192973
Austria,2023,2197012254,8165795
Austria,2024,1319866969,4889878
Azerbaijan,2020,11877460,149252
Azerbaijan,2021,135876676,1866836
Azerbaijan,2022,286080041,3511336
Azerbaijan,2023,303459612,3740177
Azerbaijan,2024,181225875,2246601
Bahamas,2020,740494,16826
Bahamas,2021,5306416,127410
Bahamas,2022,12775845,293012
Bahamas,2023,13839928,307012
Bahamas,2024,8366057,184019
Bahrain,2020,12565889,45883
Bahrain,2021,78914086,366990
Bahrain,2022,215243764,542746
Bahrain,2023,254264110,560640
Bahrain,2024,151165238,333312
Bangladesh,2020,67219692,945678
Bangladesh,2021,384064799,6430141
Bangladesh,2022,713088180,10630428
Bangladesh,2023,745280182,10752994
Bangladesh,2024,444704521,6399569
Barbados,2020,43392,1806
Barbados,2021,2799616,26942
Barbados,2022,29114554,163878
Barbados,2023,39200589,214373
Barbados,2024,23467665,128681
Belarus,2020,19679206,167005
Belarus,2021,156707361,1176446
Belarus,2022,345919595,2499248
Belarus,2023,362823505,2598070
Belarus,2024,215706029,1544606
Belgium,2020,52593248,2893426
Belgium,2021,406918181,8963409
Belgium,2022,1489497080,11521674
Belgium,2023,1747692638,12460844
Belgium,2024,1054872221,7451563
Belize,2020,527505,10338
Belize,2021,6169861,136147
Belize,2022,22378975,243891
Belize,2023,25909860,251120
Belize,2024,15494909,149296
Benin,2020,449633,7409
Benin,2021,4527142,40310
Benin,2022,9888138,59458
Benin,2023,10226406,59495
Benin,2024,6083812,35371
Bermuda,2020,49292,2250
Bermuda,2021,1060885,15774
Bermuda,2022,5500672,49988
Bermuda,2023,6875661,59574
Bermuda,2024,4092620,35805
Bhutan,2020,51488,0
Bhutan,2021,668098,662
Bhutan,2022,17181661,6079
Bhutan,2023,22872771,7665
Bhutan,2024,13605249,4557
Bolivia,2020,21861694,1188557
Bolivia,2021,142792963,5622891
Bolivia,2022,355122636,7956417
Bolivia,2023,438129318,8166507
Bolivia,2024,263033892,4857932
Bonaire Sint Eustatius and Saba,2020,16317,253
Bonaire Sint Eustatius and Saba,2021,588541,5248
Bonaire Sint Eustatius and Saba,2022,3532345,12622
Bonaire Sint Eustatius and Saba,2023,4337985,14958
Bonaire Sint Eustatius and Saba,2024,2587074,8897
Bosnia and Herzegovina,2020,7647072,234809
Bosnia and Herzegovina,2021,73060021,3225161
Bosnia and Herzegovina,2022,138272479,5717555
Bosnia and Herzegovina,2023,147011242,5962012
Bosnia and Herzegovina,2024,87584977,3555949
Botswana,2020,880834,3114
Botswana,2021,36788248,486155
Botswana,2022,112235785,990524
Botswana,2023,120441751,1020985
Botswana,2024,71742719,607783
Brazil,2020,855689611,26173342
Brazil,2021,6136285893,167476053
Brazil,2022,11515085313,243722568
Brazil,2023,13627322736,255802367
Brazil,2024,8140086857,152359172
British Virgin Islands,2020,9929,250
British Virgin Islands,2021,490510,6158
British Virgin Islands,2022,2423895,22194
British Virgin Islands,2023,2680629,23360
British Virgin Islands,2024,1620826,13888
Brunei,2020,40632,687
Brunei,2021,1407656,6903
Brunei,2022,59598383,39996
Brunei,2023,109461112,57914
Brunei,2024,74517737,38564
Bulgaria,2020,10340292,317449
Bulgaria,2021,156779113,6454308
Bulgaria,2022,421916427,13355693
Bulgaria,2023,473968492,13993928
Bulgaria,2024,288322935,8396052
Burkina Faso,2020,468534,15139
Burkina Faso,2021,4853543,63945
Burkina Faso,2022,7681228,138917
Burkina Faso,2023,8052110,144677
Burkina Faso,2024,4800287,86800
Burundi,2020,97138,269
Burundi,2021,3385719,3077
Burundi,2022,16049572,5439
Burundi,2023,19683070,5475
Burundi,2024,11839481,3255
Cambodia,2020,61957,0
Cambodia,2021,20483540,415445
Cambodia,2022,49054691,1112683
Cambodia,2023,50675780,1115440
Cambodia,2024,30194525,663152
Cameroon,2020,4177518,88039
Cameroon,2021,27008202,435614
Cameroon,2022,44049090,706079
Cameroon,2023,45588562,719586
Cameroon,2024,27164442,428358
Canada,2020,44912925,2260302
Canada,2021,481429604,9111650
Canada,2022,1394300524,14891838
Canada,2023,1702367238,19076773
Canada,2024,1042460053,11937507
Cape Verde,2020,1176152,11949
Cape Verde,2021,10355429,93462
Cape Verde,2022,21479747,147044
Cape Verde,2023,23325292,151267
Cape Verde,2024,13990858,90489
Cayman Islands,2020,52102,332
Cayman Islands,2021,533770,945
Cayman Islands,2022,9158198,9895
Cayman Islands,2023,11487280,13505
Cayman Islands,2024,6829424,8029
Central African Republic,2020,1097137,11529
Central African Republic,2021,3524588,32288
Central African Republic,2022,5333542,41065
Central African Republic,2023,5611296,41245
Central African Republic,2024,3350509,24521
Chad,2020,271023,19777
Chad,2021,1695505,59366
Chad,2022,2688556,70041
Chad,2023,2806473,70810
Chad,2024,1671030,42098
Chile,2020,89287354,2343895
Chile,2021,491796304,11027818
Chile,2022,1403657716,20218914
Chile,2023,1918704570,22705890
Chile,2024,1168227568,13576793
China,2020,28266643,1404019
China,2021,41773740,1931305
China,2022,2075472686,7081740
China,2023,36085649572,42361377
China,2024,21558488064,26500255
Colombia,2020,147382989,4374717
Colombia,2021,1368646420,34992145
Colombia,2022,2236161740,50937541
Colombia,2023,2322625842,52073501
Colombia,2024,1384975959,30971759
Comoros,2020,79969,1407
Comoros,2021,1370477,49435
Comoros,2022,3023268,58351
Comoros,2023,3315650,58400
Comoros,2024,1976653,34720
Congo,2020,877608,15753
Congo,2021,4644119,68902
Congo,2022,8880157,139821
Congo,2023,9186617,141859
Congo,2024,5472404,84413
Cook Islands,2020,0,0
Cook Islands,2021,0,0
Cook Islands,2022,1606248,252
Cook Islands,2023,2590896,695
Cook Islands,2024,1585796,434
Costa Rica,2020,13734491,164305
Costa Rica,2021,134236840,1697626
Costa Rica,2022,347130675,3104352
Costa Rica,2023,445814195,3401923
Costa Rica,2024,267504081,2033163
Cote d'Ivoire,2020,3629641,23560
Cote d'Ivoire,2021,17494420,141549
Cote d'Ivoire,2022,30608144,293629
Cote d'Ivoire,2023,32222780,304565
Cote d'Ivoire,2024,19184705,181195
Croatia,2020,9165409,141769
Croatia,2021,134810153,2817522
Croatia,2022,413118241,5819703
Croatia,2023,465347295,6645699
Croatia,2024,285634030,4068136
Cuba,2020,1156325,26087
Cuba,2021,146704934,1197866
Cuba,2022,398243489,3103909
Cuba,2023,406335278,3113450
Cuba,2024,241662174,1851010
Curacao,2020,163307,543
Curacao,2021,4367869,39640
Curacao,2022,15377580,99110
Curacao,2023,16730222,110611
Curacao,2024,9956611,66185
Cyprus,2020,925760,7416
Cyprus,2021,30618110,147004
Cyprus,2022,176271234,381248
Cyprus,2023,239905744,492108
Cyprus,2024,149802576,312390
Czechia,2020,38660504,583081
Czechia,2021,590650911,10156794
Czechia,2022,1496863230,14673772
Czechia,2023,1694610344,15604305
Czechia,2024,1032536191,9437450
Democratic Republic of Congo,2020,2186964,103100
Democratic Republic of Congo,2021,15227674,329597
Democratic Republic of Congo,2022,32818734,501453
Democratic Republic of Congo,2023,35569206,535225
Democratic Republic of Congo,2024,21779091,318884
Denmark,2020,8604018,173515
Denmark,2021,114495722,909877
Denmark,2022,1075197003,2243568
Denmark,2023,1245517155,3151793
Denmark,2024,745352616,2093865
Djibouti,2020,1176864,12254
Djibouti,2021,3844829,49038
Djibouti,2022,5677086,68985
Djibouti,2023,5726850,68985
Djibouti,2024,3404730,41013
Dominica,2020,8985,0
Dominica,2021,600589,3350
Dominica,2022,4898509,23803
Dominica,2023,5802268,27010
Dominica,2024,3482199,16058
Dominican Republic,2020,20526678,370812
Dominican Republic,2021,112692333,1324677
Dominican Republic,2022,219517506,1594112
Dominican Republic,2023,241228185,1600160
Dominican Republic,2024,143459351,951328
East Timor,2020,6876,0
East Timor,2021,3482419,16608
East Timor,2022,8269879,48296
East Timor,2023,8556768,50370
East Timor,2024,5090820,29946
Ecuador,2020,27503976,2002965
Ecuador,2021,152841236,8875002
Ecuador,2022,328830889,12963130
Ecuador,2023,387131734,13145463
Ecuador,2024,233224343,7821707
Egypt,2020,20473064,1107228
Egypt,2021,95174377,5468799
Egypt,2022,181715702,8888730
Egypt,2023,188317203,9061004
Egypt,2024,111976991,5388110
El Salvador,2020,5218407,147948
El Salvador,2021,30329878,936545
El Salvador,2022,63431302,1508342
El Salvador,2023,73658555,1543950
El Salvador,2024,43805790,917910
England,2020,0,0
England,2021,0,0
England,2022,0,0
England,2023,0,0
Equatorial Guinea,2020,1004934,14920
Equatorial Guinea,2021,3341449,45294
Equatorial Guinea,2022,5954404,66605
Equatorial Guinea,2023,6250819,66795
Equatorial Guinea,2024,3717210,39711
Eritrea,2020,82230,5
Eritrea,2021,1834400,9772
Eritrea,2022,3587274,36962
Eritrea,2023,3718985,37595
Eritrea,2024,2211013,22351
Estonia,2020,2757342,40186
Estonia,2021,47747950,422548
Estonia,2022,193005892,879362
Estonia,2023,219344896,1049710
Estonia,2024,132400429,649808
Eswatini,2020,897015,16831
Eswatini,2021,10575542,308069
Eswatini,2022,26187758,512412
Eswatini,2023,27280586,520407
Eswatini,2024,16337969,309659
Ethiopia,2020,12354621,195390
Ethiopia,2021,97727017,1562948
Ethiopia,2022,175305772,2735032
Ethiopia,2023,182728652,2764321
Ethiopia,2024,108751474,1643558
Europe,2020,1625730263,65387536
Europe,2021,18159649461,405479209
Europe,2022,71576386275,680456540
Europe,2023,90612645523,754105036
Europe,2024,54782272629,455677718
European Union (27),2020,1007941027,42341960
European Union (27),2021,11766951091,257820302
European Union (27),2022,51406745647,401670926
European Union (27),2023,66868596163,451566287
European Union (27),2024,40280325695,273655888
Falkland Islands,2020,3652,0
Falkland Islands,2021,21887,0
Falkland Islands,2022,437679,0
Falkland Islands,2023,701895,0
Falkland Islands,2024,417291,0
Faroe Islands,2020,93275,0
Faroe Islands,2021,472187,1002
Faroe Islands,2022,11654606,9652
Faroe Islands,2023,12650170,10220
Faroe Islands,2024,7520786,6076
Fiji,2020,7461,276
Fiji,2021,7931194,92533
Fiji,2022,23965035,310594
Fiji,2023,25174813,322682
Fiji,2024,14983199,192045
Finland,2020,3486987,94853
Finland,2021,42821945,384085
Finland,2022,403918832,1937007
Finland,2023,540262496,3660137
Finland,2024,325437504,2487144
France,2020,149840077,6822987
France,2021,1961827522,39103853
France,2022,10536950075,54178473
France,2023,14165793264,60942789
France,2024,8462455330,36474685
French Guiana,2020,1782099,10820
French Guiana,2021,10480032,63918
French Guiana,2022,31204061,144964
French Guiana,2023,35782459,150745
French Guiana,2024,21274897,89621
French Polynesia,2020,951737,4684
French Polynesia,2021,10302037,109851
French Polynesia,2022,25844987,235920
French Polynesia,2023,28644974,236885
French Polynesia,2024,17208442,141044
Gabon,2020,1673935,11044
Gabon,2021,8913447,58144
Gabon,2022,17465335,110922
Gabon,2023,17883826,111957
Gabon,2024,10644067,66619
Gambia,2020,495688,10737
Gambia,2021,2630421,83841
Gambia,2022,4425981,133776
Gambia,2023,4605487,135780
Gambia,2024,2739927,80724
Georgia,2020,8623904,81430
Georgia,2021,167783960,2321332
Georgia,2022,595139612,6010307
Georgia,2023,672573623,6230684
Georgia,2024,403987532,3721335
Germany,2020,112121257,3549363
Germany,2021,1365210276,32841872
Germany,2022,9585052828,52678382
Germany,2023,13980247134,63351757
Germany,2024,8340993052,37970443
Ghana,2020,8583770,30634
Ghana,2021,37422666,315545
Ghana,2022,60059412,526609
Ghana,2023,62618974,533616
Ghana,2024,37311173,317254
Gibraltar,2020,109011,205
Gibraltar,2021,1802709,32399
Gibraltar,2022,6542824,38124
Gibraltar,2023,7486981,41042
Gibraltar,2024,4459350,24521
Greece,2020,7956907,200860
Greece,2021,177720841,4372546
Greece,2022,1329271226,10928626
Greece,2023,1947474164,13534148
Greece,2024,1221613239,8453260
Greenland,2020,3966,0
Greenland,2021,130743,6
Greenland,2022,4167729,6693
Greenland,2023,4369415,7665
Greenland,2024,2597707,4557
Grenada,2020,7727,0
Grenada,2021,642119,18847
Grenada,2022,6081683,82660
Grenada,2023,7186489,86870
Grenada,2024,4273381,51646
Guadeloupe,2020,821612,14467
Guadeloupe,2021,10260895,150049
Guadeloupe,2022,58823399,346568
Guadeloupe,2023,73980561,371083
Guadeloupe,2024,44101995,221557
Guam,2020,579146,9761
Guam,2021,3589221,60473
Guam,2022,15224979,132759
Guam,2023,18789600,151269
Guam,2024,11346279,90923
Guatemala,2020,15973837,568345
Guatemala,2021,129919968,3658631
Guatemala,2022,344670353,6713961
Guatemala,2023,454192307,7365105
Guatemala,2024,271324999,4383829
Guernsey,2020,69742,4182
Guernsey,2021,530820,6750
Guernsey,2022,9148051,16606
Guernsey,2023,12843919,24287
Guernsey,2024,7665742,14539
Guinea,2020,2094961,12594
Guinea,2021,8770284,82392
Guinea,2022,13519486,162012
Guinea,2023,14048211,170715
Guinea,2024,8370124,101556
Guinea-Bissau,2020,477434,7253
Guinea-Bissau,2021,1644534,32449
Guinea-Bissau,2022,3036325,62141
Guinea-Bissau,2023,3451311,64500
Guinea-Bissau,2024,2086238,38409
Guyana,2020,517819,15601
Guyana,2021,7576754,186161
Guyana,2022,24015400,451926
Guyana,2023,26766783,473687
Guyana,2024,16073110,282257
Haiti,2020,1665250,39990
Haiti,2021,6517284,165919
Haiti,2022,11578095,305077
Haiti,2023,12483196,313900
Haiti,2024,7460968,186620
High-income countries,2020,3254837269,111756754
High-income countries,2021,30119210457,574522755
High-income countries,2022,1.13461E+11,914719716
High-income countries,2023,1.5372E+11,1055172081
High-income countries,2024,93007754731,647724108
Honduras,2020,13815273,398226
Honduras,2021,97316690,2567010
Honduras,2022,157708469,3970924
Honduras,2023,172349697,4055532
Honduras,2024,102606513,2411738
Hong Kong,2020,0,0
Hong Kong,2021,0,0
Hong Kong,2022,0,0
Hong Kong,2023,0,0
Hong Kong,2024,0,0
Hungary,2020,14655495,425041
Hungary,2021,272964919,9532799
Hungary,2022,698194234,16756078
Hungary,2023,804146116,17802020
Hungary,2024,483926675,10642568
Iceland,2020,801263,3654
Iceland,2021,3452588,11310
Iceland,2022,61732601,39720
Iceland,2023,76199292,67890
Iceland,2024,45565298,40362
India,2020,1044159443,16585165
India,2021,9118579303,120086370
India,2022,15754923052,190088017
India,2023,16389526791,194117430
India,2024,9772296613,115779086
Indonesia,2020,58450164,2083321
Indonesia,2021,977394025,30244819
Indonesia,2022,2179118828,56579378
Indonesia,2023,2477176853,58963428
Indonesia,2024,1481753734,35164797
Iran,2020,113083411,6000200
Iran,2021,1318507063,32797832
Iran,2022,2635379594,51401847
Iran,2023,2775118583,53276442
Iran,2024,1655153520,31860566
Iraq,2020,62279035,1571684
Iraq,2021,506703717,6569344
Iraq,2022,862682658,9174606
Iraq,2023,899923925,9261875
Iraq,2024,535023265,5506375
Ireland,2020,10099432,452710
Ireland,2021,116925292,1787256
Ireland,2022,553224076,2734241
Ireland,2023,625481096,3303799
Ireland,2024,376740784,2086131
Isle of Man,2020,90862,8533
Isle of Man,2021,1610715,16481
Isle of Man,2022,11836017,36957
Isle of Man,2023,13872920,42340
Isle of Man,2024,8247736,25172
Israel,2020,39870558,327675
Israel,2021,350006805,2408543
Israel,2022,1489692056,3977692
Israel,2023,1760058532,4569924
Israel,2024,1050618086,2757419
Italy,2020,143476869,10301075
Italy,2021,1475632893,43348085
Italy,2022,6645044696,60888431
Italy,2023,9454077785,69515852
Italy,2024,5798464543,42728411
Jamaica,2020,1096466,22491
Jamaica,2021,19875985,443984
Jamaica,2022,50594044,1123596
Jamaica,2023,56691453,1296148
Jamaica,2024,34035648,781563
Japan,2020,17569985,347767
Japan,2021,361911205,4755627
Japan,2022,4659900710,12508130
Japan,2023,12197401662,26533413
Japan,2024,7335375124,16208598
Jersey,2020,144325,7856
Jersey,2021,2475439,26229
Jersey,2022,18640013,46275
Jersey,2023,24224294,58464
Jersey,2024,14406847,34937
Jordan,2020,12899691,157672
Jordan,2021,253789249,3198417
Jordan,2022,598971562,5083951
Jordan,2023,637653905,5154530
Jordan,2024,379098349,3064474
Kazakhstan,2020,25118994,325069
Kazakhstan,2021,219107963,3515839
Kazakhstan,2022,513707962,6914438
Kazakhstan,2023,548024488,6960755
Kazakhstan,2024,326395373,4138624
Kenya,2020,8528375,152251
Kenya,2021,67644274,1305901
Kenya,2022,120600067,2059992
Kenya,2023,125375833,2076317
Kenya,2024,74669607,1234513
Kiribati,2020,0,0
Kiribati,2021,0,0
Kiribati,2022,1060402,4074
Kiribati,2023,1821319,7913
Kiribati,2024,1103445,5208
Kosovo,2020,3717559,111293
Kosovo,2021,41693635,828145
Kosovo,2022,87795425,1143916
Kosovo,2023,99907890,1170168
Kosovo,2024,59518543,697004
Kuwait,2020,20249742,128510
Kuwait,2021,116774047,680357
Kuwait,2022,228602934,930514
Kuwait,2023,242908362,938050
Kuwait,2024,144775054,557690
Kyrgyzstan,2020,0,0
Kyrgyzstan,2021,10535164,111084
Kyrgyzstan,2022,30724992,367121
Kyrgyzstan,2023,32400502,373760
Kyrgyzstan,2024,19302643,222208
Laos,2020,6260,0
Laos,2021,6378350,12807
Laos,2022,70390914,235000
Laos,2023,79732326,244915
Laos,2024,47521278,145607
Latvia,2020,1411389,22648
Latvia,2021,51688206,965571
Latvia,2022,289240109,2308375
Latvia,2023,356015363,2674094
Latvia,2024,212169112,1621133
Lebanon,2020,10392686,88046
Lebanon,2021,190602301,2529222
Lebanon,2022,406636688,3783084
Lebanon,2023,451284541,3978456
Lebanon,2024,269059168,2375499
Lesotho,2020,257003,8888
Lesotho,2021,5163272,146589
Lesotho,2022,12256370,255472
Lesotho,2023,12740536,257987
Lesotho,2024,7841946,153853
Liberia,2020,276442,17140
Liberia,2021,1433674,68197
Liberia,2022,2779166,107044
Liberia,2023,2929093,107310
Liberia,2024,1720810,63798
Libya,2020,7169212,105348
Libya,2021,85491595,1281458
Libya,2022,179390742,2316250
Libya,2023,185142293,2349505
Libya,2024,110077373,1396829
Liechtenstein,2020,102287,1140
Liechtenstein,2021,1210132,21184
Liechtenstein,2022,6163609,29959
Liechtenstein,2023,7833714,31756
Liechtenstein,2024,4681957,19258
Lithuania,2020,4570592,54250
Lithuania,2021,106905653,1615823
Lithuania,2022,404865273,3272732
Lithuania,2023,482467963,3528904
Lithuania,2024,296233535,2126455
Low-income countries,2020,41206392,1212402
Low-income countries,2021,336333594,8847607
Low-income countries,2022,661436099,15457987
Low-income countries,2023,701131593,15844006
Low-income countries,2024,421350446,9443014
Lower-middle-income countries,2020,1613070789,31970677
Lower-middle-income countries,2021,14863169552,243854177
Lower-middle-income countries,2022,31012811087,419979472
Lower-middle-income countries,2023,33434257359,432234985
Lower-middle-income countries,2024,19949756239,257775014
Luxembourg,2020,2706049,31553
Luxembourg,2021,23499653,186541
Luxembourg,2022,101245545,309314
Luxembourg,2023,139104207,363432
Luxembourg,2024,84942954,217000
Macao,2021,0,0
Macao,2022,0,0
Macao,2023,0,0
Madagascar,2020,2661973,35353
Madagascar,2021,13191601,267728
Madagascar,2022,23566618,501485
Madagascar,2023,24893765,519727
Madagascar,2024,14869800,309577
Malawi,2020,960125,28562
Malawi,2021,15880339,549963
Malawi,2022,31485478,961489
Malawi,2023,32400391,980369
Malawi,2024,19349456,582862
Malaysia,2020,5871700,47461
Malaysia,2021,428056900,4194943
Malaysia,2022,1582424823,12849398
Malaysia,2023,1860506594,13536702
Malaysia,2024,1145730571,8103888
Maldives,2020,1737447,6141
Maldives,2021,21287506,59006
Maldives,2022,63365008,109391
Maldives,2023,68030603,114696
Maldives,2024,40512598,68572
Mali,2020,709322,30209
Mali,2021,4875021,176975
Mali,2022,11322596,266590
Mali,2023,12077357,271195
Mali,2024,7196660,161231
Malta,2020,919320,11481
Malta,2021,11435137,152589
Malta,2022,35472490,269216
Malta,2023,43464840,315926
Malta,2024,26377578,196528
Marshall Islands,2020,181,0
Marshall Islands,2021,1460,0
Marshall Islands,2022,2012070,2268
Marshall Islands,2023,5833992,6205
Marshall Islands,2024,3512808,3689
Martinique,2020,437711,5621
Martinique,2021,8168449,101740
Martinique,2022,63748108,351265
Martinique,2023,83890651,401322
Martinique,2024,49986818,239568
Mauritania,2020,1462743,71881
Mauritania,2021,9353692,211758
Mauritania,2022,21932666,357477
Mauritania,2023,23230091,363905
Mauritania,2024,13854961,216349
Mauritius,2020,103344,2689
Mauritius,2021,6346267,37688
Mauritius,2022,81123371,356306
Mauritius,2023,111436386,383302
Mauritius,2024,71046670,232350
Mayotte,2020,822880,9139
Mayotte,2021,6624790,56343
Mayotte,2022,13846120,68225
Mayotte,2023,15337370,68255
Mayotte,2024,9119859,40579
Mexico,2020,157312091,18353080
Mexico,2021,1039445357,89674958
Mexico,2022,2291152257,118859546
Mexico,2023,2758790710,121827918
Mexico,2024,1652243260,72558603
Micronesia (country),2020,0,0
Micronesia (country),2021,0,0
Micronesia (country),2022,2439920,6440
Micronesia (country),2023,9414702,23249
Micronesia (country),2024,5908976,14105
Moldova,2020,11772036,287702
Moldova,2021,94391151,2373846
Moldova,2022,193628739,4195533
Moldova,2023,225709992,4413830
Moldova,2024,137804154,2652511
Monaco,2020,49992,400
Monaco,2021,923856,10860
Monaco,2022,4701129,21010
Monaco,2023,6148509,24385
Monaco,2024,3728277,14539
Mongolia,2020,87925,12
Mongolia,2021,77728848,248215
Mongolia,2022,339230277,769146
Mongolia,2023,368547902,779640
Mongolia,2024,219481487,463512
Montenegro,2020,1972558,31555
Montenegro,2021,37582252,535948
Montenegro,2022,79449999,927739
Montenegro,2023,91253282,965805
Montenegro,2024,54527760,575918
Montserrat,2020,3306,250
Montserrat,2021,9452,365
Montserrat,2022,300716,1975
Montserrat,2023,512095,2920
Montserrat,2024,304451,1736
Morocco,2020,30092799,510263
Morocco,2021,242958116,3950052
Morocco,2022,438723883,5854304
Morocco,2023,465324747,5948296
Morocco,2024,277541102,3537896
Mozambique,2020,1556925,11757
Mozambique,2021,36002788,434997
Mozambique,2022,82652666,803299
Mozambique,2023,85153314,819108
Mozambique,2024,50732570,488644
Myanmar,2020,6307654,137983
Myanmar,2021,102197141,3326278
Myanmar,2022,221037775,7089597
Myanmar,2023,232987058,7114806
Myanmar,2024,139343129,4230198
Namibia,2020,1747034,18349
Namibia,2021,31060699,703163
Namibia,2022,59593877,1470706
Namibia,2023,62637792,1494550
Namibia,2024,37409992,891070
Nauru,2020,0,0
Nauru,2021,0,0
Nauru,2022,846398,182
Nauru,2023,1928965,365
Nauru,2024,1170281,217
Nepal,2020,20465536,176343
Nepal,2021,205475497,2740480
Nepal,2022,356406215,4358368
Nepal,2023,365988952,4390055
Nepal,2024,217748650,2610727
Netherlands,2020,49393941,1842107
Netherlands,2021,628998522,6326702
Netherlands,2022,2774769347,8138972
Netherlands,2023,3143078283,8389890
Netherlands,2024,1874025115,4987962
New Caledonia,2020,6749,0
New Caledonia,2021,1108388,23730
New Caledonia,2022,22227140,112329
New Caledonia,2023,29211012,114610
New Caledonia,2024,17383689,68138
New Zealand,2020,370635,5893
New Zealand,2021,1431909,10416
New Zealand,2022,427527735,469484
New Zealand,2023,837812304,1097842
New Zealand,2024,553838333,855179
Nicaragua,2020,759055,27441
Nicaragua,2021,2910926,69454
Nicaragua,2022,5324221,86400
Nicaragua,2023,5785291,89425
Nicaragua,2024,3503045,53165
Niger,2020,319450,23745
Niger,2021,2018625,71265
Niger,2022,3298612,112526
Niger,2023,3472415,114975
Niger,2024,2064954,68355
Nigeria,2020,10903292,207688
Nigeria,2021,63719093,820405
Nigeria,2022,94561749,1146723
Nigeria,2023,97389423,1151575
Nigeria,2024,57979796,684635
Niue,2020,0,0
Niue,2021,0,0
Niue,2022,17962,0
Niue,2023,294993,0
Niue,2024,227609,0
North America,2020,1952655395,69168295
North America,2021,15458120387,338000771
North America,2022,37516525787,527868282
North America,2023,45136843095,585123249
North America,2024,27009525567,360475480
North Korea,2020,0,0
North Korea,2021,0,0
North Korea,2022,0,0
North Korea,2023,0,0
North Korea,2024,0,0
North Macedonia,2020,5631750,207988
North Macedonia,2021,57144108,2116011
North Macedonia,2022,115200682,3497082
North Macedonia,2023,127147756,3625990
North Macedonia,2024,76074207,2164609
Northern Cyprus,2021,0,0
Northern Cyprus,2022,0,0
Northern Ireland,2020,0,0
Northern Ireland,2021,0,0
Northern Ireland,2022,0,0
Northern Ireland,2023,0,0
Northern Mariana Islands,2020,15121,535
Northern Mariana Islands,2021,128069,931
Northern Mariana Islands,2022,4046926,12534
Northern Mariana Islands,2023,5099582,14965
Northern Mariana Islands,2024,3168106,8897
Norway,2020,4307945,70257
Norway,2021,53558438,294627
Norway,2022,484318309,1186113
Norway,2023,542365210,2005996
Norway,2024,327154437,1243844
Oceania,2020,6973459,156953
Oceania,2021,58656094,808427
Oceania,2022,3132066669,5581930
Oceania,2023,5173457438,10366974
Oceania,2024,3226900332,7019518
Oman,2020,18461938,166894
Oman,2021,85947607,1137409
Oman,2022,140309118,1682051
Oman,2023,145797114,1689220
Oman,2024,86680433,1004276
Pakistan,2020,64366052,1331270
Pakistan,2021,343925329,7667921
Pakistan,2022,556538520,11057468
Pakistan,2023,576566924,11187998
Pakistan,2024,342996927,6652352
Palau,2020,0,0
Palau,2021,832,0
Palau,2022,1647465,2058
Palau,2023,2226126,3285
Palau,2024,1370392,2094
Palestine,2020,9836204,78367
Palestine,2021,122235607,1306394
Palestine,2022,239610654,2038995
Palestine,2023,256678220,2083420
Palestine,2024,152600476,1238636
Panama,2020,21594139,431885
Panama,2021,146540594,2358872
Panama,2022,316033735,3013811
Panama,2023,378794019,3149512
Panama,2024,226609655,1888932
Papua New Guinea,2020,81110,927
Papua New Guinea,2021,5795786,67468
Papua New Guinea,2022,15876661,237078
Papua New Guinea,2023,17097016,244333
Papua New Guinea,2024,10169488,145390
Paraguay,2020,7680041,158764
Paraguay,2021,125016298,3832635
Paraguay,2022,242343564,6887826
Paraguay,2023,268326166,7250726
Paraguay,2024,159659703,4313960
Peru,2020,140210400,14856771
Peru,2021,675530177,62217492
Peru,2022,1358937054,77791595
Peru,2023,1641818842,80334697
Peru,2024,981887026,47937264
Philippines,2020,51654583,1012560
Philippines,2021,572393343,9689773
Philippines,2022,1368087835,21992847
Philippines,2023,1501456742,24240154
Philippines,2024,898366014,14508661
Pitcairn,2020,0,0
Pitcairn,2021,0,0
Pitcairn,2022,644,0
Pitcairn,2023,1460,0
Pitcairn,2024,868,0
Poland,2020,65985577,1333084
Poland,2021,970617933,24204017
Poland,2022,2154763690,41840734
Poland,2023,2372235424,43599996
Poland,2024,1445158095,26184002
Portugal,2020,26698548,607209
Portugal,2021,330555668,6043888
Portugal,2022,1650554307,8517427
Portugal,2023,2042488894,9830855
Portugal,2024,1225251795,6123304
Puerto Rico,2020,6055307,142459
Puerto Rico,2021,54585765,946905
Puerto Rico,2022,284580686,1685086
Puerto Rico,2023,449265397,2148106
Puerto Rico,2024,271838721,1288546
Qatar,2020,25951524,40301
Qatar,2021,76248739,177716
Qatar,2022,144728874,245740
Qatar,2023,185398076,251486
Qatar,2024,111651708,149730
Reunion,2020,765258,3178
Reunion,2021,12283992,82248
Reunion,2022,140722312,280191
Reunion,2023,180420019,335906
Reunion,2024,107327115,199857
Romania,2020,39515644,1187546
Romania,2021,415547285,12106446
Romania,2022,1067115036,23788347
Romania,2023,1245336393,24873032
Romania,2024,765325376,14927114
Russia,2020,286626680,4821111
Russia,2021,2228799630,56408507
Russia,2022,6652509243,136038159
Russia,2023,8325584740,145485151
Russia,2024,5223529581,87349817
Rwanda,2020,801497,5027
Rwanda,2021,19730768,253740
Rwanda,2022,47590475,531400
Rwanda,2023,48610091,535813
Rwanda,2024,28912772,318556
Saint Barthelemy,2020,12208,0
Saint Barthelemy,2021,411995,591
Saint Barthelemy,2022,1670057,1642
Saint Barthelemy,2023,2001991,1825
Saint Barthelemy,2024,1195019,1085
Saint Helena,2020,0,0
Saint Helena,2021,0,0
Saint Helena,2022,201544,0
Saint Helena,2023,790590,0
Saint Helena,2024,470022,0
Saint Kitts and Nevis,2020,4777,0
Saint Kitts and Nevis,2021,334302,2611
Saint Kitts and Nevis,2022,2169903,15561
Saint Kitts and Nevis,2023,2409301,16790
Saint Kitts and Nevis,2024,1433719,9982
Saint Lucia,2020,17702,144
Saint Lucia,2021,2440513,42422
Saint Lucia,2022,9374046,137173
Saint Lucia,2023,10983823,149398
Saint Lucia,2024,6564722,88970
Saint Martin (French part),2020,76463,1600
Saint Martin (French part),2021,937142,8987
Saint Martin (French part),2022,3922263,16307
Saint Martin (French part),2023,4489244,16790
Saint Martin (French part),2024,2674308,9982
Saint Pierre and Miquelon,2020,1802,0
Saint Pierre and Miquelon,2021,11897,0
Saint Pierre and Miquelon,2022,891478,357
Saint Pierre and Miquelon,2023,1248999,730
Saint Pierre and Miquelon,2024,743442,434
Saint Vincent and the Grenadines,2020,13679,0
Saint Vincent and the Grenadines,2021,967583,8340
Saint Vincent and the Grenadines,2022,3214279,39729
Saint Vincent and the Grenadines,2023,3516450,45127
Saint Vincent and the Grenadines,2024,2099258,26908
Samoa,2020,26,0
Samoa,2021,378,0
Samoa,2022,3888089,7070
Samoa,2023,6094607,11175
Samoa,2024,3697880,6727
San Marino,2020,242997,11842
San Marino,2021,1805682,31278
San Marino,2022,6519251,41958
San Marino,2023,8857815,45430
San Marino,2024,5488364,27342
Sao Tome and Principe,2020,190598,3438
Sao Tome and Principe,2021,925504,13956
Sao Tome and Principe,2022,2187765,26825
Sao Tome and Principe,2023,2380499,28906
Sao Tome and Principe,2024,1465954,17360
Saudi Arabia,2020,63386621,844903
Saudi Arabia,2021,171829135,2803370
Saudi Arabia,2022,281448539,3356081
Saudi Arabia,2023,305859665,3514805
Saudi Arabia,2024,182598773,2093182
Scotland,2020,0,0
Scotland,2021,0,0
Scotland,2022,0,0
Scotland,2023,0,0
Senegal,2020,2731776,50249
Senegal,2021,18970745,478720
Senegal,2022,31582403,715666
Senegal,2023,32481025,719394
Senegal,2024,19343332,427707
Serbia,2020,14627049,194507
Serbia,2021,277705094,2598399
Serbia,2022,759555351,5844639
Serbia,2023,924773683,6559725
Serbia,2024,560612990,3918369
Seychelles,2020,27893,0
Seychelles,2021,4813538,22974
Seychelles,2022,15905750,59486
Seychelles,2023,18587528,62780
Seychelles,2024,11215478,37324
Sierra Leone,2020,437351,15479
Sierra Leone,2021,1860831,36247
Sierra Leone,2022,2805182,45602
Sierra Leone,2023,2833651,45625
Sierra Leone,2024,1700843,27125
Singapore,2020,12265276,6690
Singapore,2021,36811132,57161
Singapore,2022,516267756,505494
Singapore,2023,901586636,666758
Singapore,2024,650630945,438788
Sint Maarten (Dutch part),2020,118115,4799
Sint Maarten (Dutch part),2021,1089628,15636
Sint Maarten (Dutch part),2022,3697598,31218
Sint Maarten (Dutch part),2023,4028862,33405
Sint Maarten (Dutch part),2024,2398067,19964
Slovakia,2020,7828662,60399
Slovakia,2021,149727702,4015851
Slovakia,2022,609662095,7202416
Slovakia,2023,681219166,7707851
Slovakia,2024,407419581,4605586
Slovenia,2020,5325967,123052
Slovenia,2021,96648135,1713427
Slovenia,2022,376245024,2838674
Slovenia,2023,489286321,3418727
Slovenia,2024,294206924,2177440
Solomon Islands,2020,995,0
Solomon Islands,2021,7082,0
Solomon Islands,2022,5897613,46396
Solomon Islands,2023,8257170,60077
Solomon Islands,2024,5632018,43183
Somalia,2020,794612,22867
Somalia,2021,5394237,281630
Somalia,2022,9711028,495267
Somalia,2023,9975874,496765
Somalia,2024,5931478,295337
South Africa,2020,118908466,3198087
South Africa,2021,786528968,24151763
South Africa,2022,1416799574,36651976
South Africa,2023,1485308315,37446608
South Africa,2024,883771395,22263115
South America,2020,1456051081,56260717
South America,2021,10772550752,330575923
South America,2022,21391438999,473144580
South America,2023,24942483364,493149886
South America,2024,14922046207,293793266
South Korea,2020,5792435,101284
South Korea,2021,78573378,814434
South Korea,2022,6232353239,7938169
South Korea,2023,11838825460,12724701
South Korea,2024,7502096441,7797678
South Sudan,2020,555118,10808
South Sudan,2021,3712784,40808
South Sudan,2022,6423121,50276
South Sudan,2023,6733429,51135
South Sudan,2024,4084217,31899
Spain,2020,189930779,9217276
Spain,2021,1483655476,29575399
Spain,2022,4501519955,40036523
Spain,2023,5083402369,44260667
Spain,2024,3033733780,26441884
Sri Lanka,2020,2007609,8690
Sri Lanka,2021,104860576,2060844
Sri Lanka,2022,239795027,5994844
Sri Lanka,2023,245416395,6154665
Sri Lanka,2024,145988850,3667226
Sudan,2020,2910926,186198
Sudan,2021,13109385,929258
Sudan,2022,22491274,1718998
Sudan,2023,23337663,1838367
Sudan,2024,13886481,1094982
Suriname,2020,726264,14861
Suriname,2021,8926994,200141
Suriname,2022,28655656,490941
Suriname,2023,30082493,512103
Suriname,2024,17901827,304922
Sweden,2020,29078214,1455113
Sweden,2021,358167007,5136297
Sweden,2022,896409207,6978965
Sweden,2023,989616067,8928229
Sweden,2024,597062756,5905696
Switzerland,2020,28053705,641382
Switzerland,2021,266255478,3733361
Switzerland,2022,1304879142,4837271
Switzerland,2023,1608474632,5120327
Switzerland,2024,966351344,3074890
Syria,2020,796016,40683
Syria,2021,9963515,654570
Syria,2022,20316829,1139811
Syria,2023,20959395,1154495
Syria,2024,12460791,686371
Taiwan,2020,0,0
Taiwan,2021,0,0
Taiwan,2022,0,0
Taiwan,2023,0,0
Tajikistan,2020,1958321,15766
Tajikistan,2021,5565272,38828
Tajikistan,2022,6482770,45625
Tajikistan,2023,6491890,45625
Tajikistan,2024,3859562,27125
Tanzania,2020,127124,5215
Tanzania,2021,3884670,108400
Tanzania,2022,13403373,300785
Tanzania,2023,15696511,308783
Tanzania,2024,9379895,183582
Thailand,2020,950547,14944
Thailand,2021,272843666,2623840
Thailand,2022,1486657277,10619503
Thailand,2023,1731930811,12488203
Thailand,2024,1036498056,7510232
Togo,2020,368671,8495
Togo,2021,5825371,56002
Togo,2022,13730940,101137
Togo,2023,14408469,105850
Togo,2024,8577726,62930
Tokelau,2020,0,0
Tokelau,2021,0,0
Tokelau,2022,70,0
Tokelau,2023,14976,0
Tokelau,2024,17360,0
Tonga,2020,0,0
Tonga,2021,62,0
Tonga,2022,3797438,3234
Tonga,2023,6135278,4380
Tonga,2024,3680354,2604
Trinidad and Tobago,2020,664281,12511
Trinidad and Tobago,2021,11940246,326574
Trinidad and Tobago,2022,57411573,1426791
Trinidad and Tobago,2023,69590966,1596351
Trinidad and Tobago,2024,41554632,952630
Tunisia,2020,7182458,209268
Tunisia,2021,169156450,5905553
Tunisia,2022,385823945,10385530
Tunisia,2023,420645490,10727341
Tunisia,2024,250279337,6384791
Turkey,2020,162944585,1982646
Turkey,2021,1985536811,17896495
Turkey,2022,5549940664,35631587
Turkey,2023,6206707517,37017935
Turkey,2024,3690022343,22007923
Turkmenistan,2020,0,0
Turkmenistan,2021,0,0
Turkmenistan,2022,0,0
Turkmenistan,2023,0,0
Turkmenistan,2024,0,0
Turks and Caicos Islands,2020,96039,891
Turks and Caicos Islands,2021,883617,6461
Turks and Caicos Islands,2022,2205498,12899
Turks and Caicos Islands,2023,2412575,14110
Turks and Caicos Islands,2024,1465321,8680
Tuvalu,2020,0,0
Tuvalu,2021,0,0
Tuvalu,2022,124558,0
Tuvalu,2023,1047777,197
Tuvalu,2024,638631,217
Uganda,2020,1867947,19060
Uganda,2021,29261713,610572
Uganda,2022,60483890,1312021
Uganda,2023,62499034,1325526
Uganda,2024,37351664,788144
Ukraine,2020,59741244,815548
Ukraine,2021,786226446,17293648
Ukraine,2022,1787872932,38317076
Ukraine,2023,1997797002,39982660
Ukraine,2024,1200217739,23852495
United Arab Emirates,2020,21451362,96963
United Arab Emirates,2021,210832055,617702
United Arab Emirates,2022,345759531,843157
United Arab Emirates,2023,387729502,857336
United Arab Emirates,2024,231545510,509733
United Kingdom,2020,168208747,15326920
United Kingdom,2021,2249894276,56011658
United Kingdom,2022,7960609419,72966016
United Kingdom,2023,8981674841,82930308
United Kingdom,2024,5407985935,50368304
United States,2020,1644172199,46133261
United States,2021,12988717263,222725344
United States,2022,31284214162,364341431
United States,2023,37551587940,412164583
United States,2024,22445791893,256856715
United States Virgin Islands,2020,208072,3398
United States Virgin Islands,2021,1669546,16401
United States Virgin Islands,2022,7114400,41983
United States Virgin Islands,2023,9149231,47788
United States Virgin Islands,2024,5509413,28644
Upper-middle-income countries,2020,2445388109,90157312
Upper-middle-income countries,2021,20758468883,589120199
Upper-middle-income countries,2022,49418287358,948766508
Upper-middle-income countries,2023,90853691871,1024899605
Upper-middle-income countries,2024,54561590563,612621029
Uruguay,2020,675129,11425
Uruguay,2021,97023993,1441304
Uruguay,2022,327001609,2632800
Uruguay,2023,378263140,2781494
Uruguay,2024,225778240,1663432
Uzbekistan,2020,703,0
Uzbekistan,2021,16606212,104063
Uzbekistan,2022,57164447,365917
Uzbekistan,2023,62622200,370840
Uzbekistan,2024,37992577,220472
Vanuatu,2020,47,0
Vanuatu,2021,1122,0
Vanuatu,2022,2932349,3591
Vanuatu,2023,4386249,5110
Vanuatu,2024,2608123,3038
Vatican,2020,4232,0
Vatican,2021,9490,0
Vatican,2022,9490,0
Vatican,2023,9490,0
Vatican,2024,5642,0
Venezuela,2020,11734033,101349
Venezuela,2021,97932863,1120670
Venezuela,2022,191354132,2082695
Venezuela,2023,201624881,2136509
Venezuela,2024,119934815,1270752
Vietnam,2020,213595,4753
Vietnam,2021,130419836,2837603
Vietnam,2022,3366096442,15298473
Vietnam,2023,4229681578,15767586
Vietnam,2024,2522408000,9375702
Wales,2020,0,0
Wales,2021,0,0
Wales,2022,0,0
Wales,2023,0,0
Wallis and Futuna,2020,153,0
Wallis and Futuna,2021,129356,1512
Wallis and Futuna,2022,418199,2555
Wallis and Futuna,2023,1277942,2766
Wallis and Futuna,2024,802900,1891
Western Sahara,2022,0,0
World,2020,7358565981,235143772
World,2021,66122689186,1416783607
World,2022,1.94886E+11,2300132523
World,2023,2.79135E+11,2529520758
World,2024,1.68194E+11,1528380325
Yemen,2020,374256,106516
Yemen,2021,2372121,475483
Yemen,2022,4274917,778045
Yemen,2023,4359925,788035
Yemen,2024,2592065,468503
Zambia,2020,2361819,52044
Zambia,2021,51755293,836696
Zambia,2022,117456150,1452522
Zambia,2023,126212314,1481986
Zambia,2024,75847554,883093
Zimbabwe,2020,1283963,36131
Zimbabwe,2021,29347347,1011231
Zimbabwe,2022,91006654,2007942
Zimbabwe,2023,96667194,2079558
